[
  { "model": "petclinic.vet", "pk": 1, "fields": { "first_name": "James", "last_name": "Carter" } },
  { "model": "petclinic.vet", "pk": 2, "fields": { "first_name": "Helen", "last_name": "Leary" } },
  { "model": "petclinic.vet", "pk": 3, "fields": { "first_name": "Linda", "last_name": "Douglas" } },
  { "model": "petclinic.vet", "pk": 4, "fields": { "first_name": "Rafael", "last_name": "Ortega" } },
  { "model": "petclinic.vet", "pk": 5, "fields": { "first_name": "Henry", "last_name": "Stevens" } },
  { "model": "petclinic.vet", "pk": 6, "fields": { "first_name": "Sharon", "last_name": "Jenkins" } },

  { "model": "petclinic.specialty", "pk": 1, "fields": { "name": "radiology" } },
  { "model": "petclinic.specialty", "pk": 2, "fields": { "name": "surgery" } },
  { "model": "petclinic.specialty", "pk": 3, "fields": { "name": "dentistry" } },

  { "model": "petclinic.vetspecialty", "pk": 1, "fields": { "vet": 2, "specialty": 1 } },
  { "model": "petclinic.vetspecialty", "pk": 2, "fields": { "vet": 3, "specialty": 2 } },
  { "model": "petclinic.vetspecialty", "pk": 3, "fields": { "vet": 3, "specialty": 3 } },
  { "model": "petclinic.vetspecialty", "pk": 4, "fields": { "vet": 4, "specialty": 2 } },
  { "model": "petclinic.vetspecialty", "pk": 5, "fields": { "vet": 5, "specialty": 1 } },

  { "model": "petclinic.type", "pk": 1, "fields": { "name": "cat" } },
  { "model": "petclinic.type", "pk": 2, "fields": { "name": "dog" } },
  { "model": "petclinic.type", "pk": 3, "fields": { "name": "lizard" } },
  { "model": "petclinic.type", "pk": 4, "fields": { "name": "snake" } },
  { "model": "petclinic.type", "pk": 5, "fields": { "name": "bird" } },
  { "model": "petclinic.type", "pk": 6, "fields": { "name": "hamster" } },

  { "model": "petclinic.owner", "pk": 1, "fields": { "first_name": "George", "last_name": "Franklin", "address": "110 W. Liberty St.", "city": "Madison", "telephone": "6085551023" } },
  { "model": "petclinic.owner", "pk": 2, "fields": { "first_name": "Betty", "last_name": "Davis", "address": "638 Cardinal Ave.", "city": "Sun Prairie", "telephone": "6085551749" } },
  { "model": "petclinic.owner", "pk": 3, "fields": { "first_name": "Eduardo", "last_name": "Rodriquez", "address": "2693 Commerce St.", "city": "McFarland", "telephone": "6085558763" } },
  { "model": "petclinic.owner", "pk": 4, "fields": { "first_name": "Harold", "last_name": "Davis", "address": "563 Friendly St.", "city": "Windsor", "telephone": "6085553198" } },
  { "model": "petclinic.owner", "pk": 5, "fields": { "first_name": "Peter", "last_name": "McTavish", "address": "2387 S. Fair Way", "city": "Madison", "telephone": "6085552765" } },
  { "model": "petclinic.owner", "pk": 6, "fields": { "first_name": "Jean", "last_name": "Coleman", "address": "105 N. Lake St.", "city": "Monona", "telephone": "6085552654" } },
  { "model": "petclinic.owner", "pk": 7, "fields": { "first_name": "Jeff", "last_name": "Black", "address": "1450 Oak Blvd.", "city": "Monona", "telephone": "6085555387" } },
  { "model": "petclinic.owner", "pk": 8, "fields": { "first_name": "Maria", "last_name": "Escobito", "address": "345 Maple St.", "city": "Madison", "telephone": "6085557683" } },
  { "model": "petclinic.owner", "pk": 9, "fields": { "first_name": "David", "last_name": "Schroeder", "address": "2749 Blackhawk Trail", "city": "Madison", "telephone": "6085559435" } },
  { "model": "petclinic.owner", "pk": 10, "fields": { "first_name": "Carlos", "last_name": "Estaban", "address": "2335 Independence La.", "city": "Waunakee", "telephone": "6085555487" } },

  { "model": "petclinic.pet", "pk": 1, "fields": { "name": "Leo", "birth_date": "2000-09-07", "type": 1, "owner": 1 } },
  { "model": "petclinic.pet", "pk": 2, "fields": { "name": "Basil", "birth_date": "2002-08-06", "type": 6, "owner": 2 } },
  { "model": "petclinic.pet", "pk": 3, "fields": { "name": "Rosy", "birth_date": "2001-04-17", "type": 2, "owner": 3 } },
  { "model": "petclinic.pet", "pk": 4, "fields": { "name": "Jewel", "birth_date": "2000-03-07", "type": 2, "owner": 3 } },
  { "model": "petclinic.pet", "pk": 5, "fields": { "name": "Iggy", "birth_date": "2000-11-30", "type": 3, "owner": 4 } },
  { "model": "petclinic.pet", "pk": 6, "fields": { "name": "George", "birth_date": "2000-01-20", "type": 4, "owner": 5 } },
  { "model": "petclinic.pet", "pk": 7, "fields": { "name": "Samantha", "birth_date": "1995-09-04", "type": 1, "owner": 6 } },
  { "model": "petclinic.pet", "pk": 8, "fields": { "name": "Max", "birth_date": "1995-09-04", "type": 1, "owner": 6 } },
  { "model": "petclinic.pet", "pk": 9, "fields": { "name": "Lucky", "birth_date": "1999-08-06", "type": 5, "owner": 7 } },
  { "model": "petclinic.pet", "pk": 10, "fields": { "name": "Mulligan", "birth_date": "1997-02-24", "type": 2, "owner": 8 } },
  { "model": "petclinic.pet", "pk": 11, "fields": { "name": "Freddy", "birth_date": "2000-03-09", "type": 5, "owner": 9 } },
  { "model": "petclinic.pet", "pk": 12, "fields": { "name": "Lucky", "birth_date": "2000-06-24", "type": 2, "owner": 10 } },
  { "model": "petclinic.pet", "pk": 13, "fields": { "name": "Sly", "birth_date": "2002-06-08", "type": 1, "owner": 10 } },

  { "model": "petclinic.visit", "pk": 1, "fields": { "pet": 7, "visit_date": "2010-03-04", "description": "rabies shot" } },
  { "model": "petclinic.visit", "pk": 2, "fields": { "pet": 8, "visit_date": "2011-03-04", "description": "rabies shot" } },
  { "model": "petclinic.visit", "pk": 3, "fields": { "pet": 8, "visit_date": "2009-06-04", "description": "neutered" } },
  { "model": "petclinic.visit", "pk": 4, "fields": { "pet": 7, "visit_date": "2008-09-04", "description": "spayed" } },

  { "model": "petclinic.user", "pk": "admin", "fields": { "password": "$2a$10$ymaklWBnpBKlgdMgkjWVF.GMGyvH8aDuTK.glFOaKw712LHtRRymS", "enabled": true } },
  { "model": "petclinic.role", "pk": 1, "fields": { "username": "admin", "role": "ROLE_OWNER_ADMIN" } },
  { "model": "petclinic.role", "pk": 2, "fields": { "username": "admin", "role": "ROLE_VET_ADMIN" } },
  { "model": "petclinic.role", "pk": 3, "fields": { "username": "admin", "role": "ROLE_ADMIN" } }
]
